model,fps,window_seconds,stage,hidden_size,num_layers,dropout,learning_rate,batch_size,ap,sem,params,selected,device
gru,15,10,search,47,3,0.0,0.005399484409787433,64,0.21207136611453917,0.006630965390428535,,False,cuda
gru,15,10,search,136,1,0.25,0.0003823475224675188,8,0.2155292341874784,0.0018633622561066564,,False,cuda
gru,15,10,search,56,3,0.5,0.00021930485556643703,32,0.20178768754389478,0.001763754587689674,,False,cuda
gru,15,10,search,40,1,0.0,0.006586289317583112,16,0.22104360430291847,0.009679588844257429,,False,cuda
gru,15,10,search,70,1,0.0,0.0069782812651260325,64,0.21101790661213424,0.007652418586849285,,False,cuda
gru,15,10,search,48,1,0.0,0.0040215545266902904,16,0.2145682453860732,0.006246522001164061,,False,cuda
gru,15,10,search,20,3,0.1,0.0001705053926026929,8,0.20440135190080258,0.004750185413222744,,False,cuda
gru,15,10,search,40,1,0.1,0.0026698666742744613,32,0.21336843733971733,0.006717341237443147,,False,cuda
gru,15,10,search,66,2,0.25,0.0010402587615883842,8,0.21228188065035203,0.001035527318410939,,False,cuda
gru,15,10,search,33,1,0.1,0.005532496914298506,32,0.21633858880450152,0.0047742414136156715,,False,cuda
gru,15,10,search,179,2,0.05,0.0012764937047792507,16,0.21296569543929803,0.008757694344266634,,False,cuda
gru,15,10,search,24,2,0.1,0.009072484224382484,32,0.21928717549620394,0.003919753584812714,,False,cuda
gru,15,10,search,23,2,0.05,0.009737987711188442,16,0.2127135677979073,0.005442253982642112,,False,cuda
gru,15,10,search,26,2,0.5,0.002216503925421555,32,0.2132131925094651,0.00821740832738016,,False,cuda
gru,15,10,search,31,2,0.1,0.002257543441890585,16,0.22822432019995775,0.0068239368625921054,,False,cuda
gru,15,10,search,32,2,0.0,0.0009165947529808161,16,0.20591775935603696,0.0010229517338806544,,False,cuda
gru,15,10,search,107,1,0.1,0.0021610256337185043,16,0.224855066935299,0.00363568377703409,,False,cuda
gru,15,10,search,99,3,0.1,0.0006646431541175293,16,0.20705203077152443,0.003333062859666431,,False,cuda
gru,15,10,search,99,2,0.1,0.00207515651061439,16,0.2143002963283839,0.007371199510670237,,False,cuda
gru,15,10,search,92,1,0.1,0.0001051909502813386,16,0.19972084634807252,0.0036002079093192503,,False,cuda
gru,15,10,confirm,31,2,0.1,0.002257543441890585,16,0.21459804112547848,0.010515541054639569,10015,True,cuda
gru,15,10,confirm,107,1,0.1,0.0021610256337185043,16,0.20571807847758983,0.006345345740944028,38415,False,cuda
lstm,15,10,search,47,3,0.0,0.005399484409787433,64,0.20621613442151066,0.0018064032526399166,,False,cuda
lstm,15,10,search,136,1,0.25,0.0003823475224675188,8,0.222791959598747,0.0033856629255811306,,False,cuda
lstm,15,10,search,56,3,0.5,0.00021930485556643703,32,0.21105650294305264,0.0018483478387801059,,False,cuda
lstm,15,10,search,40,1,0.0,0.006586289317583112,16,0.2120388136093306,0.01069654165676566,,False,cuda
lstm,15,10,search,70,1,0.0,0.0069782812651260325,64,0.22132885463143512,0.004315157946802188,,False,cuda
lstm,15,10,search,48,1,0.0,0.0040215545266902904,16,0.21611822442809844,0.0029739995248533233,,False,cuda
lstm,15,10,search,20,3,0.1,0.0001705053926026929,8,0.1980590950272674,0.003118957364057085,,False,cuda
lstm,15,10,search,40,1,0.1,0.0026698666742744613,32,0.2089332641014168,0.001460262615409139,,False,cuda
lstm,15,10,search,66,2,0.25,0.0010402587615883842,8,0.20985937561411394,0.00503564569815221,,False,cuda
lstm,15,10,search,33,1,0.1,0.005532496914298506,32,0.21084733143413936,0.0053352701088445805,,False,cuda
lstm,15,10,search,187,2,0.25,0.0005061433326773725,8,0.2137932058565523,0.0022152507411689415,,False,cuda
lstm,15,10,search,114,2,0.05,0.0013838713864867114,64,0.21532743397904394,0.0033120120241394205,,False,cuda
lstm,15,10,search,96,1,0.25,0.0003841288543549785,64,0.20654714993711396,0.004032916239032735,,False,cuda
lstm,15,10,search,175,2,0.5,0.00010590567574332242,8,0.21889808928469898,0.003413464444319947,,False,cuda
lstm,15,10,search,99,1,0.05,0.0016574511484992855,64,0.2076099798755007,0.0005181159977674923,,False,cuda
lstm,15,10,search,127,1,0.25,0.00064049499285514,8,0.21162866196040767,0.001521315286158119,,False,cuda
lstm,15,10,search,73,2,0.0,0.009573866867561953,64,0.2143316347893859,0.007275429599942333,,False,cuda
lstm,15,10,search,136,1,0.25,0.0026407907327343724,16,0.22101471103963322,0.0027414846285224773,,False,cuda
lstm,15,10,search,79,2,0.0,0.0008512007313079224,8,0.21303400507861658,0.0049801612947100735,,False,cuda
lstm,15,10,search,26,1,0.05,0.0002922006077845846,64,0.2015562945537739,0.002227329484720393,,False,cuda
lstm,15,10,confirm,136,1,0.25,0.0003823475224675188,8,0.20805981228857512,0.004177602311898192,80786,False,cuda
lstm,15,10,confirm,70,1,0.0,0.0069782812651260325,64,0.2087934151918745,0.0031922101243654086,23102,True,cuda
gru_uni_attention,15,10,search,47,3,0.0,0.005399484409787433,64,0.26398737276419104,0.014259834730401478,,False,cuda
gru_uni_attention,15,10,search,136,1,0.25,0.0003823475224675188,8,0.265279785894222,0.004116652994431133,,False,cuda
gru_uni_attention,15,10,search,56,3,0.5,0.00021930485556643703,32,0.26130908021640903,0.022045829226299597,,False,cuda
gru_uni_attention,15,10,search,40,1,0.0,0.006586289317583112,16,0.25716756048618694,0.012688702856247472,,False,cuda
gru_uni_attention,15,10,search,70,1,0.0,0.0069782812651260325,64,0.26707273369695556,0.0037911421287530897,,False,cuda
gru_uni_attention,15,10,search,48,1,0.0,0.0040215545266902904,16,0.26434495719577883,0.005729841350154924,,False,cuda
gru_uni_attention,15,10,search,20,3,0.1,0.0001705053926026929,8,0.23454380570816014,0.018488166653946994,,False,cuda
gru_uni_attention,15,10,search,40,1,0.1,0.0026698666742744613,32,0.2597134533569367,0.0024905934435189223,,False,cuda
gru_uni_attention,15,10,search,66,2,0.25,0.0010402587615883842,8,0.2753070831126966,0.008297789737651873,,False,cuda
gru_uni_attention,15,10,search,33,1,0.1,0.005532496914298506,32,0.2594040578706753,0.0026055977864324837,,False,cuda
gru_uni_attention,15,10,search,181,2,0.25,0.0010650325147115922,8,0.2813802221531157,0.008428699644312535,,False,cuda
gru_uni_attention,15,10,search,162,2,0.25,0.0009756377654499414,8,0.26516584833993956,0.010431082589363762,,False,cuda
gru_uni_attention,15,10,search,104,2,0.05,0.0011782800596762833,8,0.2721046623501385,0.017774431172158253,,False,cuda
gru_uni_attention,15,10,search,83,2,0.25,0.0008322052406475148,8,0.2794072711301639,0.005715724640452445,,False,cuda
gru_uni_attention,15,10,search,190,2,0.25,0.0005090873160060656,8,0.2767808386333066,0.005815798505468783,,False,cuda
gru_uni_attention,15,10,search,99,2,0.25,0.002004617910720449,8,0.25588001322764664,0.01258416634018356,,False,cuda
gru_uni_attention,15,10,search,100,2,0.05,0.000508546954136634,8,0.27944243969023025,0.013241658644261207,,False,cuda
gru_uni_attention,15,10,search,130,2,0.05,0.0004440699853028643,16,0.2773147784407368,0.003215291735148283,,False,cuda
gru_uni_attention,15,10,search,200,3,0.05,0.00024590772486535704,64,0.2801184280633655,0.008486801080623428,,False,cuda
gru_uni_attention,15,10,search,197,3,0.5,0.0001051909502813386,64,0.22772184697374134,0.02787880834486716,,False,cuda
gru_uni_attention,15,10,confirm,181,2,0.25,0.0010650325147115922,8,0.25343680447868067,0.006125117752829734,335939,False,cuda
gru_uni_attention,15,10,confirm,200,3,0.05,0.00024590772486535704,64,0.2676030678729056,0.01639477391996922,650403,True,cuda
lstm_uni_attention,15,10,search,47,3,0.0,0.005399484409787433,64,0.2670597139928091,0.007477110813072606,,False,cuda
lstm_uni_attention,15,10,search,136,1,0.25,0.0003823475224675188,8,0.28329585940185237,0.003779708003967123,,False,cuda
lstm_uni_attention,15,10,search,56,3,0.5,0.00021930485556643703,32,0.26182889509815016,0.0047692674386129955,,False,cuda
lstm_uni_attention,15,10,search,40,1,0.0,0.006586289317583112,16,0.2540373896749915,0.0010642738223702213,,False,cuda
lstm_uni_attention,15,10,search,70,1,0.0,0.0069782812651260325,64,0.250580467591205,0.007205728661317865,,False,cuda
lstm_uni_attention,15,10,search,48,1,0.0,0.0040215545266902904,16,0.2714955048234778,0.0014684963171158472,,False,cuda
lstm_uni_attention,15,10,search,20,3,0.1,0.0001705053926026929,8,0.20290291028552618,0.006650365094177132,,False,cuda
lstm_uni_attention,15,10,search,40,1,0.1,0.0026698666742744613,32,0.2578195253657665,0.006683641886419209,,False,cuda
lstm_uni_attention,15,10,search,66,2,0.25,0.0010402587615883842,8,0.2684150230084279,0.006936627815390384,,False,cuda
lstm_uni_attention,15,10,search,33,1,0.1,0.005532496914298506,32,0.24714361784714378,0.0038755141822757085,,False,cuda
lstm_uni_attention,15,10,search,187,2,0.25,0.0005061433326773725,8,0.269766510239631,0.002778170761607042,,False,cuda
lstm_uni_attention,15,10,search,126,2,0.05,0.0013725819811527382,16,0.27985203025635674,0.001373216076184947,,False,cuda
lstm_uni_attention,15,10,search,136,2,0.05,0.0011782800596762833,16,0.2863370640715339,0.004632075915820865,,False,cuda
lstm_uni_attention,15,10,search,113,2,0.05,0.00037260918266186516,8,0.27821137178992067,0.005110818676262875,,False,cuda
lstm_uni_attention,15,10,search,112,2,0.25,0.0008085883629704932,16,0.2848466387699393,0.0057672325808999746,,False,cuda
lstm_uni_attention,15,10,search,100,2,0.05,0.0011279430228047676,16,0.28453089645295737,0.003390742868830446,,False,cuda
lstm_uni_attention,15,10,search,200,2,0.5,0.001975110274551967,16,0.268852962399664,0.01257040895547333,,False,cuda
lstm_uni_attention,15,10,search,88,2,0.25,0.00061963803582038,16,0.2724447910425832,0.0010390230557871332,,False,cuda
lstm_uni_attention,15,10,search,154,3,0.05,0.000682685257802783,16,0.279397123031646,0.0071163678409015795,,False,cuda
lstm_uni_attention,15,10,search,85,2,0.25,0.0001051909502813386,16,0.2528304115004538,0.0057115475432855094,,False,cuda
lstm_uni_attention,15,10,confirm,136,2,0.05,0.0011782800596762833,16,0.2789752219179972,0.005269758938539787,248611,True,cuda
lstm_uni_attention,15,10,confirm,112,2,0.25,0.0008085883629704932,16,0.2687602512367879,0.008208403563033078,169795,False,cuda
