model,fps,window_seconds,features,seed,hidden_size,num_layers,dropout,learning_rate,batch_size,params,epochs_run,best_epoch,val_ap,val_clip_ap,threshold,val_precision,val_recall,val_weighted_f1,val_accuracy,device,checkpoint
lstm_uni_attention,30,5,all_features,42,162,1,0.05,0.00257831,64,139647,6,2,0.24992370714606002,0.26608971281516736,0.5028988122940063,0.23673469387755103,0.5240963855421686,0.7850307185691028,0.7484254723582925,cuda,lstm_uni_attention_30fps_5s_all_features_s42
lstm_uni_attention,30,5,all_features,43,162,1,0.05,0.00257831,64,139647,6,2,0.2558240787651499,0.2789942313296672,0.4870902895927429,0.22727272727272727,0.572289156626506,0.7684924525895203,0.7242827151854444,cuda,lstm_uni_attention_30fps_5s_all_features_s43
lstm_uni_attention,30,5,all_features,44,162,1,0.05,0.00257831,64,139647,6,2,0.23858193888664353,0.24876830299168168,0.5602179169654846,0.25257731958762886,0.4427710843373494,0.8070864289130816,0.7830650804758572,cuda,lstm_uni_attention_30fps_5s_all_features_s44
lstm_uni_attention,30,5,all_features,52,162,1,0.05,0.00257831,64,139647,6,2,0.22727360522657772,0.24584939537325073,0.5458778738975525,0.22193877551020408,0.5240963855421686,0.7724963988129414,0.7312806158152554,cuda,lstm_uni_attention_30fps_5s_all_features_s52
lstm_uni_attention,30,5,all_features,53,162,1,0.05,0.00257831,64,139647,10,6,0.2466101798224627,0.2561709327222853,0.5062581896781921,0.2391681109185442,0.41566265060240964,0.8027201251366678,0.7785164450664801,cuda,lstm_uni_attention_30fps_5s_all_features_s53
lstm_uni_attention,30,5,all_features,54,162,1,0.05,0.00257831,64,139647,5,1,0.22772067213148187,0.24296688898551155,0.4523879289627075,0.22962962962962963,0.5602409638554217,0.7728877464726693,0.7305808257522743,cuda,lstm_uni_attention_30fps_5s_all_features_s54
lstm_uni_attention,30,5,all_features,55,162,1,0.05,0.00257831,64,139647,6,2,0.25998079937333907,0.2981993300797067,0.5907156467437744,0.25859247135842883,0.4759036144578313,0.8066578654023496,0.7806158152554233,cuda,lstm_uni_attention_30fps_5s_all_features_s55
lstm_uni_attention,30,5,all_features,56,162,1,0.05,0.00257831,64,139647,11,7,0.22317603563342392,0.24344419565203665,0.45438867807388306,0.19396984924623115,0.5813253012048193,0.7281312950558356,0.6707487753673897,cuda,lstm_uni_attention_30fps_5s_all_features_s56
lstm_uni_attention,30,10,all_features,42,94,3,0.05,0.000234471,16,191951,12,8,0.2779982565104103,0.2779982565104103,0.3967122435569763,0.25418060200668896,0.4578313253012048,0.8062031405631176,0.780965710286914,cuda,lstm_uni_attention_30fps_10s_all_features_s42
lstm_uni_attention,30,10,all_features,43,94,3,0.05,0.000234471,16,191951,11,7,0.29254214528026135,0.29254214528026135,0.4229069650173187,0.24937027707808565,0.5963855421686747,0.7841223411659792,0.7445766270118964,cuda,lstm_uni_attention_30fps_10s_all_features_s43
lstm_uni_attention,30,10,all_features,44,94,3,0.05,0.000234471,16,191951,7,3,0.2734149604182815,0.2734149604182815,0.3202080726623535,0.23684210526315788,0.5963855421686747,0.7731931134506469,0.7298810356892932,cuda,lstm_uni_attention_30fps_10s_all_features_s44
lstm_uni_attention,30,10,all_features,52,94,3,0.05,0.000234471,16,191951,12,8,0.27866013914291876,0.27866013914291876,0.419034481048584,0.2561307901907357,0.5662650602409639,0.7936589863687266,0.7585724282715185,cuda,lstm_uni_attention_30fps_10s_all_features_s52
lstm_uni_attention,30,10,all_features,53,94,3,0.05,0.000234471,16,191951,14,10,0.27946412947303567,0.27946412947303567,0.5008583664894104,0.2508591065292096,0.4397590361445783,0.8064641270708655,0.7823652904128762,cuda,lstm_uni_attention_30fps_10s_all_features_s53
lstm_uni_attention,30,10,all_features,54,94,3,0.05,0.000234471,16,191951,10,6,0.2782568115568793,0.2782568115568793,0.3959856927394867,0.23146067415730337,0.6204819277108434,0.7636975102002644,0.7165850244926522,cuda,lstm_uni_attention_30fps_10s_all_features_s54
lstm_uni_attention,30,10,all_features,55,94,3,0.05,0.000234471,16,191951,7,3,0.28826636996604593,0.28826636996604593,0.35609540343284607,0.2551928783382789,0.5180722891566265,0.799332555654914,0.768369489153254,cuda,lstm_uni_attention_30fps_10s_all_features_s55
lstm_uni_attention,30,10,all_features,56,94,3,0.05,0.000234471,16,191951,11,7,0.2771082347793832,0.2771082347793832,0.5413259863853455,0.30434782608695654,0.3795180722891566,0.8352256411963621,0.8271518544436669,cuda,lstm_uni_attention_30fps_10s_all_features_s56
